{
    "loss": 18.93905258178711,
    "accuracy": 0.4892086386680603
}