{
    "loss": 2.4732773303985596,
    "accuracy": 0.6690647602081299
}